owner_acronym,sum_effective_value
dnd,2284898125.42818
gac,8935030.26333335
cbsa,3004942.8
cra,1884354.08
esdc,1288388.115
ec,992686.83
vac,747408.66
acoa,649515.21
ircc,586384.29
ssc,222099.78
stats,186743.11
pspc,176759.15
cnsc,172222.58
nrcan,152640.4
ic,143130
dfo,117078.14
rcmp,63164.64
pc,48332.09
tc,36640.13
hc,28703.02
inac,24973
cfia,24860
phac,14351.51
vrab,14147
