owner_acronym,sum_effective_value
pspc,1553173169.32902
dnd,1354250
csc,832337.266666667
hc,799378.32
phac,702541.78
gac,190240
