owner_acronym,effective_year,sum_yearly_value
esdc,2008,169467201.668333
esdc,2009,169467201.668333
esdc,2010,169467201.668333
esdc,2011,169467201.668333
esdc,2012,169467201.668333
esdc,2013,169467201.668333
esdc,2014,169467201.668333
esdc,2015,169467201.668333
esdc,2016,1270807037.27833
esdc,2017,-34055134.079747
