owner_acronym,sum_effective_value
dnd,1914095124.41
pspc,878993388.237584
pch,47276204.98
gac,39022988.7666672
pc,8795414.0715
dfo,3951526.87166667
nrc,2433457.87833333
rcmp,1654946.61
tc,1639125.24
ic,1118165.41
inac,1049088.58
ec,954717.53
esdc,581054.59
ssc,244822.63
csc,129974
cnsc,127006.38
hc,125920.565
pptc,111005.26
phac,93021.395
just,85470
cfia,62253.94
ppsc,56546.38
ircc,53927.63
neb,46833.333333333
cbsa,33731.63
nrcan,24408
psc,14444
pbc,12493
