owner_acronym,effective_year,sum_yearly_value
dnd,2008,98091323.5
dnd,2009,481659202
dnd,2010,486462926
dnd,2011,388908571
dnd,2012,376763390.5
dnd,2013,-7319926.16666667
dnd,2014,1395904.33333333
dnd,2015,2257719.33333333
dnd,2016,368333.333333333
dnd,2017,218333.333333333
