owner_acronym,sum_effective_value
pspc,5717929177.10666
dnd,25107187.5
rcmp,1077451.66428572
ircc,562454.2
dfo,549587.74
ic,541828.54
esdc,475327.5
ssc,363808.66
pc,347899.949999999
pch,154684.415
just,102316.365
ec,77460.56
csc,61270.86
cnsc,56973.84
hc,52506.63
cbsa,27099.68
agr,24780
phac,24460.21
ocol,21413.71
ppsc,20213.06
