owner_acronym,sum_effective_value
pspc,6121753686.77778
tbs,148371300
dnd,75321562.5
rcmp,10948718.8528573
esdc,576575.5
ircc,492046.07
ic,443052.75
dfo,384708.43
ssc,311803.83
pc,246405.859999997
pch,194137.875
just,81802.605
csc,69814.79
cnsc,49956.83
hc,38148.72
cbsa,27099.68
agr,24780
phac,24460.21
ocol,21413.71
ppsc,20213.06
ec,15238
nfb,10208.52
