owner_acronym,sum_effective_value
csa,1291358713.41211
dnd,647801701.948331
nrcan,14010071.8066666
nrc,4055608.07333336
pspc,2440002.05
rcmp,2196626.25
ec,1675924.15
dfo,619555
pc,118883.03
gac,99931.17
stats,83055
ic,49559
