owner_acronym,sum_effective_value
dnd,3538331104.17454
rcmp,26016816.18
tbs,12670243.98
csc,4036170.87000003
ssc,3952269.15
gac,1482494.56
pspc,825768.88
dfo,638232.87
cbsa,575314.06
pco,381013.995
just,336387.62
agr,225630.75
cnsc,165099.8
tc,121112.3
inac,104023.16
esdc,103569.2
ppsc,83908.22
ec,80267.38
ircc,64914.06
nrcan,37844.06
nrc,35452.62
acoa,32337.63
csa,27489.93
fintrac,20818.77
