owner_acronym,sum_effective_value
dnd,3174040870.50366
rcmp,31420866.55
tbs,12540282.42
csc,9422891.5
ssc,4990085.23
gac,1603840.37
cbsa,928908.771
ic,799468.999999999
just,781298.47
tc,703776.34
pco,321630.875
dfo,241464.26
agr,212362.74
cnsc,165099.8
inac,57737.61
esdc,51784.6
acoa,32337.63
pspc,31448.77
csa,27489.93
ircc,22852.03
fintrac,20818.77
nrc,17726.31
ec,16101.12
